{
  "catboost": {
    "auc": 0.9199406968124537,
    "ap": 0.7975284577755618,
    "accuracy": 0.8777777777777778,
    "recall": 0.631578947368421,
    "specificity": 0.9436619718309859,
    "precision": 0.75,
    "f1": 0.6857142857142857,
    "brier": 0.09277233489852368,
    "true_positives": 24,
    "true_negatives": 134,
    "false_positives": 8,
    "false_negatives": 14
  },
  "svm": {
    "auc": 0.9219792438843588,
    "ap": 0.7828736380175564,
    "accuracy": 0.8777777777777778,
    "recall": 0.631578947368421,
    "specificity": 0.9436619718309859,
    "precision": 0.75,
    "f1": 0.6857142857142857,
    "brier": 0.08460306939838871,
    "true_positives": 24,
    "true_negatives": 134,
    "false_positives": 8,
    "false_negatives": 14
  },
  "random_forest": {
    "auc": 0.9258710155670866,
    "ap": 0.8132547583169112,
    "accuracy": 0.8833333333333333,
    "recall": 0.5789473684210527,
    "specificity": 0.9647887323943662,
    "precision": 0.8148148148148148,
    "f1": 0.676923076923077,
    "brier": 0.10114043465035152,
    "true_positives": 22,
    "true_negatives": 137,
    "false_positives": 5,
    "false_negatives": 16
  },
  "lightgbm": {
    "auc": 0.9036323202372127,
    "ap": 0.762425919136695,
    "accuracy": 0.8444444444444444,
    "recall": 0.631578947368421,
    "specificity": 0.9014084507042254,
    "precision": 0.631578947368421,
    "f1": 0.631578947368421,
    "brier": 0.10525185790067142,
    "true_positives": 24,
    "true_negatives": 128,
    "false_positives": 14,
    "false_negatives": 14
  },
  "xgboost": {
    "auc": 0.8967753891771683,
    "ap": 0.7664418514480998,
    "accuracy": 0.8555555555555555,
    "recall": 0.6052631578947368,
    "specificity": 0.9225352112676056,
    "precision": 0.6764705882352942,
    "f1": 0.6388888888888888,
    "brier": 0.12980912722509577,
    "true_positives": 23,
    "true_negatives": 131,
    "false_positives": 11,
    "false_negatives": 15
  },
  "gradient_boosting": {
    "auc": 0.8986286137879911,
    "ap": 0.7835770565196374,
    "accuracy": 0.8777777777777778,
    "recall": 0.5526315789473685,
    "specificity": 0.9647887323943662,
    "precision": 0.8076923076923077,
    "f1": 0.65625,
    "brier": 0.09253230388304266,
    "true_positives": 21,
    "true_negatives": 137,
    "false_positives": 5,
    "false_negatives": 17
  },
  "logistic_regression": {
    "auc": 0.8967753891771683,
    "ap": 0.696777832331931,
    "accuracy": 0.8444444444444444,
    "recall": 0.8157894736842105,
    "specificity": 0.852112676056338,
    "precision": 0.5961538461538461,
    "f1": 0.6888888888888889,
    "brier": 0.12454555693810394,
    "true_positives": 31,
    "true_negatives": 121,
    "false_positives": 21,
    "false_negatives": 7
  },
  "neural_network": {
    "auc": 0.8430318754633062,
    "ap": 0.692394445849831,
    "accuracy": 0.8611111111111112,
    "recall": 0.42105263157894735,
    "specificity": 0.9788732394366197,
    "precision": 0.8421052631578947,
    "f1": 0.5614035087719298,
    "brier": 0.10904130473047324,
    "true_positives": 16,
    "true_negatives": 139,
    "false_positives": 3,
    "false_negatives": 22
  },
  "stacking": {
    "auc": 0.9327279466271312,
    "ap": 0.8132996283119953,
    "accuracy": 0.8833333333333333,
    "recall": 0.8421052631578947,
    "specificity": 0.8943661971830986,
    "precision": 0.6808510638297872,
    "f1": 0.7529411764705882,
    "brier": 0.10787784887966738,
    "true_positives": 32,
    "true_negatives": 127,
    "false_positives": 15,
    "false_negatives": 6
  }
}