{
  "logistic_regression": {
    "threshold": 0.27,
    "sensitivity": 0.7631578947368421,
    "specificity": 0.9084507042253521,
    "ppv": 0.6904761904761905,
    "npv": 0.9347826086956522,
    "f1": 0.725,
    "youden_j": 0.6716085989621943
  },
  "random_forest": {
    "threshold": 0.2,
    "sensitivity": 0.7631578947368421,
    "specificity": 0.823943661971831,
    "ppv": 0.5370370370370371,
    "npv": 0.9285714285714286,
    "f1": 0.6304347826086957,
    "youden_j": 0.587101556708673
  },
  "lightgbm": {
    "threshold": 0.14,
    "sensitivity": 0.8421052631578947,
    "specificity": 0.7887323943661971,
    "ppv": 0.5161290322580645,
    "npv": 0.9491525423728814,
    "f1": 0.64,
    "youden_j": 0.6308376575240917
  },
  "xgboost": {
    "threshold": 0.13,
    "sensitivity": 0.7894736842105263,
    "specificity": 0.6971830985915493,
    "ppv": 0.410958904109589,
    "npv": 0.9252336448598131,
    "f1": 0.5405405405405406,
    "youden_j": 0.4866567828020756
  },
  "gradient_boosting": {
    "threshold": 0.22,
    "sensitivity": 0.7894736842105263,
    "specificity": 0.823943661971831,
    "ppv": 0.5454545454545454,
    "npv": 0.936,
    "f1": 0.6451612903225806,
    "youden_j": 0.6134173461823573
  },
  "svm": {
    "threshold": 0.25,
    "sensitivity": 0.8157894736842105,
    "specificity": 0.9014084507042254,
    "ppv": 0.6888888888888889,
    "npv": 0.9481481481481482,
    "f1": 0.7469879518072289,
    "youden_j": 0.7171979243884359
  },
  "neural_network": {
    "threshold": 0.23,
    "sensitivity": 0.8157894736842105,
    "specificity": 0.8802816901408451,
    "ppv": 0.6458333333333334,
    "npv": 0.946969696969697,
    "f1": 0.7209302325581395,
    "youden_j": 0.6960711638250556
  },
  "catboost": {
    "threshold": 0.14,
    "sensitivity": 0.8421052631578947,
    "specificity": 0.8028169014084507,
    "ppv": 0.5333333333333333,
    "npv": 0.95,
    "f1": 0.6530612244897959,
    "youden_j": 0.6449221645663454
  },
  "stacking": {
    "threshold": 0.41000000000000003,
    "sensitivity": 0.8157894736842105,
    "specificity": 0.8380281690140845,
    "ppv": 0.5740740740740741,
    "npv": 0.9444444444444444,
    "f1": 0.6739130434782609,
    "youden_j": 0.6538176426982951
  }
}