{
  "timestamp": "2026-04-22T00:31:15.261852",
  "method": "RFECV_5fold",
  "optimal_n_features": 8,
  "best_auc": 0.8133067155067154,
  "ranking": {
    "Wiek_rozpoznania": 1,
    "Opoznienie_Rozpoznia": 1,
    "Czas_Sterydow": 1,
    "Manifestacja_Skora": 1,
    "Kreatynina": 1,
    "Zaostrz_Wymagajace_OIT": 1,
    "Liczba_Zajetych_Narzadow": 1,
    "Eozynofilia_Krwi_Obwodowej_Wartosc": 1,
    "Manifestacja_Pokarmowy": 2,
    "Pulsy": 3,
    "Manifestacja_Zajecie_CSN": 4,
    "Biopsja_Wynik": 5,
    "Manifestacja_Sercowo-Naczyniowy": 6,
    "Manifestacja_Wzrok": 7,
    "Manifestacja_Miesno-Szkiel": 8,
    "Zaostrz_Wymagajace_Hospital": 9,
    "Manifestacja_Neurologiczny": 10,
    "Plazmaferezy": 11,
    "Manifestacja_Nerki": 12,
    "Manifestacja_Moczowo-Plciowy": 13
  },
  "selected": [
    "Wiek_rozpoznania",
    "Opoznienie_Rozpoznia",
    "Manifestacja_Skora",
    "Liczba_Zajetych_Narzadow",
    "Zaostrz_Wymagajace_OIT",
    "Kreatynina",
    "Czas_Sterydow",
    "Eozynofilia_Krwi_Obwodowej_Wartosc"
  ],
  "removed": [
    "Manifestacja_Miesno-Szkiel",
    "Manifestacja_Wzrok",
    "Manifestacja_Sercowo-Naczyniowy",
    "Manifestacja_Pokarmowy",
    "Manifestacja_Nerki",
    "Manifestacja_Moczowo-Plciowy",
    "Manifestacja_Zajecie_CSN",
    "Manifestacja_Neurologiczny",
    "Zaostrz_Wymagajace_Hospital",
    "Pulsy",
    "Plazmaferezy",
    "Biopsja_Wynik"
  ],
  "auc_per_n": {
    "1": 0.750904761904762,
    "2": 0.7757753357753359,
    "3": 0.7815179487179488,
    "4": 0.7986617826617827,
    "5": 0.7960849816849818,
    "6": 0.8182853479853479,
    "7": 0.8133980463980464,
    "8": 0.8133067155067154,
    "9": 0.8085783882783882,
    "10": 0.8099114774114774,
    "11": 0.8010663003663003,
    "12": 0.8015385836385838,
    "13": 0.8097902319902321,
    "14": 0.8011185592185592,
    "15": 0.804212087912088,
    "16": 0.8089919413919414,
    "17": 0.8049308913308915,
    "18": 0.804498901098901
  }
}