{
  "timestamp": "2026-04-22T00:33:03.060862",
  "results": {
    "XGBoost": {
      "optimal_n": 7,
      "best_cv_auc": 0.811045054945055,
      "test_auc_full": 0.862280701754386,
      "test_auc_selected": 0.8491228070175438,
      "selected": [
        "Wiek_rozpoznania",
        "Manifestacja_Sercowo-Naczyniowy",
        "Liczba_Zajetych_Narzadow",
        "Zaostrz_Wymagajace_Hospital",
        "Zaostrz_Wymagajace_OIT",
        "Czas_Sterydow",
        "Eozynofilia_Krwi_Obwodowej_Wartosc"
      ],
      "removed": [
        "Opoznienie_Rozpoznia",
        "Manifestacja_Miesno-Szkiel",
        "Manifestacja_Skora",
        "Manifestacja_Wzrok",
        "Manifestacja_Pokarmowy",
        "Manifestacja_Nerki",
        "Manifestacja_Moczowo-Plciowy",
        "Manifestacja_Zajecie_CSN",
        "Manifestacja_Neurologiczny",
        "Kreatynina",
        "Pulsy",
        "Plazmaferezy",
        "Biopsja_Wynik"
      ],
      "ranking": {
        "Wiek_rozpoznania": 1,
        "Opoznienie_Rozpoznia": 5,
        "Manifestacja_Miesno-Szkiel": 11,
        "Manifestacja_Skora": 2,
        "Manifestacja_Wzrok": 13,
        "Manifestacja_Sercowo-Naczyniowy": 1,
        "Manifestacja_Pokarmowy": 3,
        "Manifestacja_Nerki": 12,
        "Manifestacja_Moczowo-Plciowy": 14,
        "Manifestacja_Zajecie_CSN": 10,
        "Manifestacja_Neurologiczny": 7,
        "Liczba_Zajetych_Narzadow": 1,
        "Zaostrz_Wymagajace_Hospital": 1,
        "Zaostrz_Wymagajace_OIT": 1,
        "Kreatynina": 8,
        "Pulsy": 6,
        "Czas_Sterydow": 1,
        "Plazmaferezy": 9,
        "Eozynofilia_Krwi_Obwodowej_Wartosc": 1,
        "Biopsja_Wynik": 4
      },
      "auc_per_n": {
        "1": 0.7783916971916972,
        "2": 0.8022271062271062,
        "3": 0.8031188034188034,
        "4": 0.8115948717948717,
        "5": 0.8194139194139194,
        "6": 0.8172924297924297,
        "7": 0.811045054945055,
        "8": 0.8119448107448107,
        "9": 0.8119426129426129,
        "10": 0.812096214896215,
        "11": 0.8056669108669109,
        "12": 0.816025641025641,
        "13": 0.8061649572649573,
        "14": 0.8136092796092796,
        "15": 0.7957711843711843,
        "16": 0.7956202686202687,
        "17": 0.7942061050061051,
        "18": 0.7998461538461539
      }
    },
    "Random Forest": {
      "optimal_n": 8,
      "best_cv_auc": 0.8133067155067154,
      "test_auc_full": 0.8953216374269005,
      "test_auc_selected": 0.8301169590643275,
      "selected": [
        "Wiek_rozpoznania",
        "Opoznienie_Rozpoznia",
        "Manifestacja_Skora",
        "Liczba_Zajetych_Narzadow",
        "Zaostrz_Wymagajace_OIT",
        "Kreatynina",
        "Czas_Sterydow",
        "Eozynofilia_Krwi_Obwodowej_Wartosc"
      ],
      "removed": [
        "Manifestacja_Miesno-Szkiel",
        "Manifestacja_Wzrok",
        "Manifestacja_Sercowo-Naczyniowy",
        "Manifestacja_Pokarmowy",
        "Manifestacja_Nerki",
        "Manifestacja_Moczowo-Plciowy",
        "Manifestacja_Zajecie_CSN",
        "Manifestacja_Neurologiczny",
        "Zaostrz_Wymagajace_Hospital",
        "Pulsy",
        "Plazmaferezy",
        "Biopsja_Wynik"
      ],
      "ranking": {
        "Wiek_rozpoznania": 1,
        "Opoznienie_Rozpoznia": 1,
        "Manifestacja_Miesno-Szkiel": 8,
        "Manifestacja_Skora": 1,
        "Manifestacja_Wzrok": 7,
        "Manifestacja_Sercowo-Naczyniowy": 6,
        "Manifestacja_Pokarmowy": 2,
        "Manifestacja_Nerki": 12,
        "Manifestacja_Moczowo-Plciowy": 13,
        "Manifestacja_Zajecie_CSN": 4,
        "Manifestacja_Neurologiczny": 10,
        "Liczba_Zajetych_Narzadow": 1,
        "Zaostrz_Wymagajace_Hospital": 9,
        "Zaostrz_Wymagajace_OIT": 1,
        "Kreatynina": 1,
        "Pulsy": 3,
        "Czas_Sterydow": 1,
        "Plazmaferezy": 11,
        "Eozynofilia_Krwi_Obwodowej_Wartosc": 1,
        "Biopsja_Wynik": 5
      },
      "auc_per_n": {
        "1": 0.750904761904762,
        "2": 0.7757753357753359,
        "3": 0.7815179487179488,
        "4": 0.7986617826617827,
        "5": 0.7960849816849818,
        "6": 0.8182853479853479,
        "7": 0.8133980463980464,
        "8": 0.8133067155067154,
        "9": 0.8085783882783882,
        "10": 0.8099114774114774,
        "11": 0.8010663003663003,
        "12": 0.8015385836385838,
        "13": 0.8097902319902321,
        "14": 0.8011185592185592,
        "15": 0.804212087912088,
        "16": 0.8089919413919414,
        "17": 0.8049308913308915,
        "18": 0.804498901098901
      }
    },
    "LightGBM": {
      "optimal_n": 12,
      "best_cv_auc": 0.7960727716727718,
      "test_auc_full": 0.827485380116959,
      "test_auc_selected": 0.8108187134502924,
      "selected": [
        "Wiek_rozpoznania",
        "Opoznienie_Rozpoznia",
        "Manifestacja_Miesno-Szkiel",
        "Manifestacja_Skora",
        "Liczba_Zajetych_Narzadow",
        "Zaostrz_Wymagajace_Hospital",
        "Zaostrz_Wymagajace_OIT",
        "Kreatynina",
        "Pulsy",
        "Czas_Sterydow",
        "Eozynofilia_Krwi_Obwodowej_Wartosc",
        "Biopsja_Wynik"
      ],
      "removed": [
        "Manifestacja_Wzrok",
        "Manifestacja_Sercowo-Naczyniowy",
        "Manifestacja_Pokarmowy",
        "Manifestacja_Nerki",
        "Manifestacja_Moczowo-Plciowy",
        "Manifestacja_Zajecie_CSN",
        "Manifestacja_Neurologiczny",
        "Plazmaferezy"
      ],
      "ranking": {
        "Wiek_rozpoznania": 1,
        "Opoznienie_Rozpoznia": 1,
        "Manifestacja_Miesno-Szkiel": 1,
        "Manifestacja_Skora": 1,
        "Manifestacja_Wzrok": 7,
        "Manifestacja_Sercowo-Naczyniowy": 6,
        "Manifestacja_Pokarmowy": 3,
        "Manifestacja_Nerki": 5,
        "Manifestacja_Moczowo-Plciowy": 9,
        "Manifestacja_Zajecie_CSN": 8,
        "Manifestacja_Neurologiczny": 2,
        "Liczba_Zajetych_Narzadow": 1,
        "Zaostrz_Wymagajace_Hospital": 1,
        "Zaostrz_Wymagajace_OIT": 1,
        "Kreatynina": 1,
        "Pulsy": 1,
        "Czas_Sterydow": 1,
        "Plazmaferezy": 4,
        "Eozynofilia_Krwi_Obwodowej_Wartosc": 1,
        "Biopsja_Wynik": 1
      },
      "auc_per_n": {
        "1": 0.7336851037851038,
        "2": 0.7650148962148962,
        "3": 0.7652410256410256,
        "4": 0.7710128205128205,
        "5": 0.768165811965812,
        "6": 0.7653374847374848,
        "7": 0.7955501831501832,
        "8": 0.8012168498168497,
        "9": 0.7968564102564104,
        "10": 0.8070295482295482,
        "11": 0.7998163614163614,
        "12": 0.7960727716727718,
        "13": 0.8054888888888888,
        "14": 0.8052275946275946,
        "15": 0.8062268620268622,
        "16": 0.8011902319902321,
        "17": 0.7991648351648352,
        "18": 0.803178021978022
      }
    }
  },
  "common_selected": [
    "Czas_Sterydow",
    "Eozynofilia_Krwi_Obwodowej_Wartosc",
    "Liczba_Zajetych_Narzadow",
    "Wiek_rozpoznania",
    "Zaostrz_Wymagajace_OIT"
  ],
  "common_removed": [
    "Manifestacja_Moczowo-Plciowy",
    "Manifestacja_Nerki",
    "Manifestacja_Neurologiczny",
    "Manifestacja_Pokarmowy",
    "Manifestacja_Wzrok",
    "Manifestacja_Zajecie_CSN",
    "Plazmaferezy"
  ],
  "feature_counts": {
    "Wiek_rozpoznania": 3,
    "Opoznienie_Rozpoznia": 2,
    "Manifestacja_Miesno-Szkiel": 1,
    "Manifestacja_Skora": 2,
    "Manifestacja_Wzrok": 0,
    "Manifestacja_Sercowo-Naczyniowy": 1,
    "Manifestacja_Pokarmowy": 0,
    "Manifestacja_Nerki": 0,
    "Manifestacja_Moczowo-Plciowy": 0,
    "Manifestacja_Zajecie_CSN": 0,
    "Manifestacja_Neurologiczny": 0,
    "Liczba_Zajetych_Narzadow": 3,
    "Zaostrz_Wymagajace_Hospital": 2,
    "Zaostrz_Wymagajace_OIT": 3,
    "Kreatynina": 2,
    "Pulsy": 1,
    "Czas_Sterydow": 3,
    "Plazmaferezy": 0,
    "Eozynofilia_Krwi_Obwodowej_Wartosc": 3,
    "Biopsja_Wynik": 1
  }
}