{
  "catboost": {
    "auc": 0.907709414381023,
    "ap": 0.7794209747714291,
    "accuracy": 0.8833333333333333,
    "recall": 0.631578947368421,
    "specificity": 0.9507042253521126,
    "precision": 0.7741935483870968,
    "f1": 0.6956521739130435,
    "brier": 0.09562525519544549,
    "true_positives": 24,
    "true_negatives": 135,
    "false_positives": 7,
    "false_negatives": 14
  },
  "svm": {
    "auc": 0.8988139362490734,
    "ap": 0.7982221081114557,
    "accuracy": 0.8833333333333333,
    "recall": 0.631578947368421,
    "specificity": 0.9507042253521126,
    "precision": 0.7741935483870968,
    "f1": 0.6956521739130435,
    "brier": 0.08785935706632796,
    "true_positives": 24,
    "true_negatives": 135,
    "false_positives": 7,
    "false_negatives": 14
  },
  "random_forest": {
    "auc": 0.8954781319495924,
    "ap": 0.7735449623296798,
    "accuracy": 0.8833333333333333,
    "recall": 0.5789473684210527,
    "specificity": 0.9647887323943662,
    "precision": 0.8148148148148148,
    "f1": 0.676923076923077,
    "brier": 0.10433620531389859,
    "true_positives": 22,
    "true_negatives": 137,
    "false_positives": 5,
    "false_negatives": 16
  },
  "lightgbm": {
    "auc": 0.8988139362490735,
    "ap": 0.7638644144331264,
    "accuracy": 0.8555555555555555,
    "recall": 0.6052631578947368,
    "specificity": 0.9225352112676056,
    "precision": 0.6764705882352942,
    "f1": 0.6388888888888888,
    "brier": 0.10535251386041446,
    "true_positives": 23,
    "true_negatives": 131,
    "false_positives": 11,
    "false_negatives": 15
  },
  "xgboost": {
    "auc": 0.8726834692364716,
    "ap": 0.7489383135985168,
    "accuracy": 0.8611111111111112,
    "recall": 0.6052631578947368,
    "specificity": 0.9295774647887324,
    "precision": 0.696969696969697,
    "f1": 0.647887323943662,
    "brier": 0.13211907502603246,
    "true_positives": 23,
    "true_negatives": 132,
    "false_positives": 10,
    "false_negatives": 15
  },
  "gradient_boosting": {
    "auc": 0.8776871756856931,
    "ap": 0.7707963738590848,
    "accuracy": 0.8833333333333333,
    "recall": 0.5526315789473685,
    "specificity": 0.971830985915493,
    "precision": 0.84,
    "f1": 0.6666666666666666,
    "brier": 0.09284850532752675,
    "true_positives": 21,
    "true_negatives": 138,
    "false_positives": 4,
    "false_negatives": 17
  },
  "logistic_regression": {
    "auc": 0.8832468495181616,
    "ap": 0.7113617960670352,
    "accuracy": 0.8222222222222222,
    "recall": 0.7631578947368421,
    "specificity": 0.8380281690140845,
    "precision": 0.5576923076923077,
    "f1": 0.6444444444444445,
    "brier": 0.12762262143080108,
    "true_positives": 29,
    "true_negatives": 119,
    "false_positives": 23,
    "false_negatives": 9
  },
  "neural_network": {
    "auc": 0.7575982209043737,
    "ap": 0.6259929772948399,
    "accuracy": 0.8444444444444444,
    "recall": 0.34210526315789475,
    "specificity": 0.9788732394366197,
    "precision": 0.8125,
    "f1": 0.48148148148148145,
    "brier": 0.12505743341769188,
    "true_positives": 13,
    "true_negatives": 139,
    "false_positives": 3,
    "false_negatives": 25
  },
  "stacking": {
    "auc": 0.9121571534469978,
    "ap": 0.7903740408950002,
    "accuracy": 0.8555555555555555,
    "recall": 0.7105263157894737,
    "specificity": 0.8943661971830986,
    "precision": 0.6428571428571429,
    "f1": 0.675,
    "brier": 0.11048187056520611,
    "true_positives": 27,
    "true_negatives": 127,
    "false_positives": 15,
    "false_negatives": 11
  }
}